sitio,edad,intervalo,nxf,nxm,nxt,lxf,lxm,lxt,qxf,qxm,qxt,logf,logm,logt,femenino,masculino,total
Heredia,0-01,1,664,739,1403,1,1,1,0.012048192771084338,0.02435723951285521,0.018531717747683536,0,0,0,8,18,26
Heredia,02-05,2,656,721,1377,0.9879518072289156,0.9756427604871448,0.9814682822523164,0.007621951219512195,0.0027739251040221915,0.005083514887436456,-0.0052642399923572315,-0.010709173675396687,-0.008123730771436258,5,2,7
Heredia,06-10,3,651,719,1370,0.9804216867469879,0.972936400541272,0.9764789736279401,0.0030721966205837174,0.008344923504867872,0.00583941605839416,-0.008587090799825552,-0.011915548011943146,-0.010337103871953149,2,6,8
Heredia,11-15,4,649,713,1362,0.9774096385542169,0.9648173207036536,0.9707769066286529,0.009244992295839754,0.009817671809256662,0.009544787077826725,-0.009923382567648235,-0.01555490854296019,-0.012880563451593554,6,7,13
Heredia,16-20,5,643,706,1349,0.9683734939759037,0.9553450608930988,0.9615110477548111,0.012441679626749611,0.018413597733711047,0.015567086730911787,-0.013957106443795395,-0.019839737343021975,-0.01704572135645567,8,13,21
Heredia,21-25,6,635,693,1328,0.9563253012048193,0.9377537212449256,0.9465431218816821,0.009448818897637795,0.02886002886002886,0.01957831325301205,-0.019394354076041814,-0.02791120378301897,-0.02385959599636123,6,20,26
Heredia,26-30,7,629,673,1302,0.947289156626506,0.9106901217861976,0.9280114041339986,0.012718600953895072,0.019316493313521546,0.016129032258064516,-0.02351743392274856,-0.040629374170848886,-0.032446686796186744,8,13,21
Heredia,31-35,8,621,660,1281,0.9352409638554217,0.8930987821380244,0.9130434782608695,0.017713365539452495,0.03787878787878788,0.02810304449648712,-0.029076479191437313,-0.04910050285295704,-0.039508541283673634,11,25,36
Heredia,36-40,9,610,635,1245,0.9186746987951807,0.8592692828146143,0.887384176764077,0.029508196721311476,0.03779527559055118,0.033734939759036145,-0.036838244357250464,-0.06587071310285007,-0.05188831959660476,18,24,42
Heredia,41-45,10,592,611,1203,0.891566265060241,0.8267929634641408,0.857448325017819,0.02364864864864865,0.04582651391162029,0.034912718204488775,-0.04984637264509772,-0.08260322815227147,-0.06679204368851516,14,28,42
Heredia,46-50,11,578,583,1161,0.8704819277108434,0.7889039242219216,0.827512473271561,0.039792387543252594,0.060034305317324184,0.04995693367786391,-0.06024024094748841,-0.10297588363581162,-0.08222545128978606,23,35,58
Heredia,51-55,12,555,548,1103,0.8358433734939759,0.7415426251691475,0.7861724875267284,0.04504504504504504,0.07664233576642336,0.06074342701722575,-0.07787509624534127,-0.1298638799104566,-0.10448215858816932,25,42,67
Heredia,56-60,13,530,506,1036,0.7981927710843374,0.6847090663058186,0.7384176764076978,0.06037735849056604,0.07312252964426877,0.06660231660231661,-0.09789220976722841,-0.16449392155502665,-0.13169791561914568,32,37,69
Heredia,61-65,14,498,469,967,0.75,0.6346414073071719,0.6892373485388453,0.08433734939759036,0.11513859275053305,0.09927611168562564,-0.12493873660829995,-0.19747159567974246,-0.16163119694535824,42,54,96
Heredia,66-70,15,456,415,871,0.6867469879518072,0.5615696887686062,0.6208125445473984,0.12938596491228072,0.19036144578313252,0.1584385763490241,-0.1632032367035825,-0.25059634168273304,-0.2070395160206967,59,79,138
Heredia,71-75,16,397,336,733,0.5978915662650602,0.4546684709066306,0.5224518888096935,0.12846347607052896,0.17559523809523808,0.15006821282401092,-0.22337757260490243,-0.34230516100498165,-0.281953696387232,51,59,110
Heredia,76-80,17,346,277,623,0.5210843373493976,0.37483085250338294,0.44404846756949395,0.21098265895953758,0.34657039711191334,0.2712680577849117,-0.2830919805752408,-0.4261646693303772,-0.35256962436919026,73,96,169
Heredia,81-85,18,273,181,454,0.411144578313253,0.2449255751014885,0.323592302209551,0.3553113553113553,0.3756906077348066,0.3634361233480176,-0.3860054323272614,-0.6109658635256412,-0.490001818171256,97,68,165
Heredia,86-90,19,176,113,289,0.26506024096385544,0.15290933694181327,0.2059871703492516,0.4772727272727273,0.4247787610619469,0.45674740484429066,-0.5766554115538677,-0.815565994911406,-0.6861598282718121,84,48,132
Heredia,91-95,20,92,65,157,0.13855421686746988,0.08795669824086604,0.11190306486101212,0.6304347826086957,0.5538461538461539,0.5987261146496815,-0.8583802520224623,-1.05573108175197,-0.9511580186191262,58,36,94
Heredia,96+,21,34,29,63,0.05120481927710843,0.03924221921515562,0.04490377761938703,1,1,1,-1.2906891623257624,-1.4062464404958697,-1.3477171215747783,34,29,63
San José,0-01,1,647,713,1360,1,1,1,0.02009273570324575,0.037868162692847124,0.029411764705882353,0,0,0,13,27,40
San José,02-05,2,634,686,1320,0.9799072642967542,0.9621318373071529,0.9705882352941176,0.007886435331230283,0.01020408163265306,0.00909090909090909,-0.008815022786967703,-0.016765414145113858,-0.012964977164367649,5,7,12
San José,06-10,3,629,679,1308,0.9721792890262752,0.9523141654978962,0.961764705882353,0.0047694753577106515,0.008836524300441826,0.006880733944954129,-0.012253635223431444,-0.0212197555713639,-0.016931164381969042,3,6,9
San José,11-15,4,626,673,1299,0.9675425038639877,0.9438990182328191,0.9551470588235295,0.011182108626198083,0.007429420505200594,0.009237875288683603,-0.014329947458270695,-0.02507446562788871,-0.019929757297189613,7,5,12
San José,16-20,5,619,668,1287,0.9567233384853169,0.9368863955119214,0.9463235294117647,0.008077544426494346,0.019461077844311378,0.013986013986013986,-0.019213631648582395,-0.0283130673763199,-0.023960361465830846,5,13,18
San José,21-25,6,614,655,1269,0.9489953632148377,0.9186535764375876,0.9330882352941177,0.008143322475570033,0.02900763358778626,0.018912529550827423,-0.022735909527532717,-0.036848229860082515,-0.03007728627551273,5,19,24
San José,26-30,7,609,636,1245,0.9412673879443586,0.8920056100981767,0.9154411764705882,0.014778325123152709,0.036163522012578615,0.02570281124497992,-0.026286988035825017,-0.0496324142034517,-0.03836955693846238,9,23,32
San José,31-35,8,600,613,1213,0.9273570324574961,0.8597475455820477,0.8919117647058824,0.016666666666666666,0.02936378466557912,0.023083264633140973,-0.03275303028505676,-0.06562905533345052,-0.049678107503644514,10,18,28
San José,36-40,9,590,595,1185,0.9119010819165378,0.8345021037868162,0.8713235294117647,0.023728813559322035,0.03865546218487395,0.031223628691983123,-0.0400522690265562,-0.07857256412331602,-0.05982055802409484,14,23,37
San José,41-45,10,576,572,1148,0.8902627511591963,0.8022440392706872,0.8441176470588235,0.026041666666666668,0.0472027972027972,0.036585365853658534,-0.05048179724548834,-0.09569350105884138,-0.0735970203082628,15,27,42
San José,46-50,11,561,545,1106,0.8670788253477589,0.7643758765778401,0.8132352941176471,0.0285204991087344,0.05504587155963303,0.04159132007233273,-0.06194141941253896,-0.11669302757522311,-0.08978378140153806,16,30,46
San José,51-55,12,545,515,1060,0.8423493044822257,0.7223001402524544,0.7794117647058824,0.045871559633027525,0.06019417475728155,0.052830188679245285,-0.07450777839205794,-0.14128230081067458,-0.10823304310544726,25,31,56
San José,56-60,13,520,484,1004,0.80370942812983,0.6788218793828892,0.7382352941176471,0.04230769230769231,0.09090909090909091,0.06573705179282868,-0.09490093703390119,-0.1682441682074531,-0.13180519556121695,22,44,66
San José,61-65,14,498,440,938,0.7697063369397218,0.6171107994389902,0.6897058823529412,0.09839357429718876,0.12954545454545455,0.11300639658848614,-0.11367493790898285,-0.20963685336567814,-0.16133606999115305,49,57,106
San José,66-70,15,449,383,832,0.6939721792890263,0.5371669004207573,0.611764705882353,0.09131403118040089,0.1671018276762402,0.12620192307692307,-0.15865793966537717,-0.26989075588324285,-0.21341558207949354,41,64,105
San José,71-75,16,408,319,727,0.6306027820710973,0.4474053295932679,0.5345588235294118,0.16176470588235295,0.20376175548589343,0.18019257221458046,-0.20024411757882046,-0.3492988467946844,-0.27200449751117967,66,65,131
San José,76-80,17,342,254,596,0.5285935085007728,0.35624123422159887,0.43823529411764706,0.2046783625730994,0.32677165354330706,0.25671140939597314,-0.27687817461256536,-0.44825581323192754,-0.3582926486299811,70,83,153
San José,81-85,18,272,171,443,0.42040185471406494,0.23983169705469845,0.32573529411764707,0.3235294117647059,0.4093567251461988,0.35665914221218964,-0.3763353766345017,-0.6200934194597117,-0.48713518214714796,88,70,158
San José,86-90,19,184,101,285,0.28438948995363217,0.14165497896213183,0.20955882352941177,0.5489130434782609,0.5841584158415841,0.5614035087719298,-0.5460864576591639,-0.848768156069223,-0.6786940483617073,101,59,160
San José,91-95,20,83,42,125,0.12828438948995363,0.05890603085553997,0.09191176470588236,0.4939759036144578,0.6428571428571429,0.544,-0.8918261882926265,-1.2298402394539651,-1.036628895362161,41,27,68
San José,96+,21,42,15,57,0.06491499227202473,0.021037868162692847,0.04191176470588235,1,1,1,-1.1876549902708,-1.6769982707961844,-1.3776640526977262,42,15,57
