grupo,sexo,nacimiento,muerte
4,femenino,1817,1903
4,femenino,1826,1914
4,masculino,1827,1906
4,femenino,1848,1934
4,masculino,1850,1938
4,masculino,1857,1914
4,masculino,1858,1908
4,masculino,1859,1940
4,masculino,1865,1939
4,masculino,1866,1899
4,masculino,1867,1929
4,femenino,1869,1941
4,femenino,1869,1947
4,femenino,1872,1938
4,masculino,1873,1933
4,masculino,1877,1948
4,femenino,1879,1963
4,femenino,1880,1951
4,masculino,1884,1965
4,femenino,1887,1972
4,masculino,1887,1924
4,femenino,1888,1955
4,femenino,1888,1985
4,masculino,1890,1966
4,masculino,1891,1966
4,femenino,1893,1979
4,femenino,1893,1909
4,femenino,1894,1980
4,masculino,1894,1971
3,femenino,1942,1986
4,masculino,1895,1939
4,masculino,1895,1973
3,masculino,1863,1947
3,femenino,1870,1948
3,femenino,1881,1982
3,masculino,1872,1948
3,masculino,1874,1974
3,masculino,1879,1930
3,masculino,1879,1955
3,masculino,1882,1967
3,masculino,1883,1977
3,masculino,1883,1955
3,femenino,1884,1970
3,femenino,1884,1977
3,masculino,1884,1940
3,masculino,1884,1968
3,femenino,1885,1960
3,masculino,1885,1957
3,masculino,1886,1958
3,femenino,1886,1940
3,masculino,1886,1964
3,masculino,1887,1978
3,masculino,1887,1955
3,masculino,1887,1962
3,femenino,1888,1968
3,femenino,1889,1969
3,femenino,1890,1988
3,femenino,1890,1956
3,femenino,1890,1982
3,femenino,1890,1945
3,femenino,1891,1956
3,masculino,1892,1988
3,femenino,1892,1967
3,masculino,1892,1986
3,masculino,1892,1978
3,masculino,1894,1979
3,femenino,1895,1966
3,femenino,1895,1981
3,femenino,1896,1976
3,femenino,1897,1982
3,femenino,1897,1991
3,masculino,1897,1981
3,masculino,1898,1980
4,masculino,1898,1969
3,femenino,1898,1980
4,masculino,1898,1979
3,femenino,1898,1988
3,femenino,1898,1972
4,femenino,1898,1986
3,masculino,1899,1966
4,masculino,1898,1978
3,masculino,1900,1965
4,masculino,1898,1974
3,femenino,1901,1966
4,masculino,1898,1974
3,masculino,1901,1988
4,masculino,1899,1932
3,femenino,1901,1980
4,femenino,1899,1968
3,masculino,1902,1948
4,femenino,1900,1955
3,masculino,1903,1965
4,masculino,1900,1938
3,femenino,1903,1993
4,masculino,1900,1989
3,masculino,1905,1969
4,masculino,1901,1930
3,femenino,1906,1961
4,masculino,1901,1954
3,femenino,1907,2002
4,masculino,1901,1947
2,masculino,1845,1919
4,masculino,1901,1973
3,masculino,1907,1969
4,masculino,1902,1971
3,femenino,1907,1976
4,femenino,1902,1976
3,masculino,1908,1994
4,masculino,1902,1959
3,masculino,1908,1995
4,femenino,1903,1976
3,masculino,1909,1987
4,masculino,1903,1980
4,masculino,1903,1974
4,femenino,1904,1972
4,femenino,1905,2004
4,masculino,1905,1962
4,masculino,1905,1973
4,femenino,1905,2003
4,masculino,1905,1989
4,masculino,1906,1976
4,masculino,1906,1976
4,masculino,1906,1952
4,masculino,1906,1973
4,femenino,1907,1994
4,masculino,1907,1995
3,masculino,1909,1976
4,femenino,1907,1952
3,masculino,1909,1996
4,masculino,1907,1981
3,masculino,1910,1987
4,masculino,1907,1994
3,femenino,1910,1996
4,masculino,1907,1994
3,femenino,1911,1977
4,femenino,1907,1987
3,femenino,1911,1985
4,femenino,1908,1998
3,masculino,1911,1956
4,femenino,1908,1994
3,femenino,1911,2001
4,femenino,1908,1978
3,femenino,1912,2007
4,femenino,1908,1995
3,femenino,1912,1977
4,femenino,1908,1986
3,masculino,1912,1999
3,femenino,1912,1997
4,masculino,1908,1969
3,femenino,1913,2006
4,masculino,1908,1991
3,femenino,1913,2003
4,masculino,1909,1967
3,masculino,1913,2004
4,masculino,1909,1989
3,femenino,1913,2005
4,femenino,1909,2003
3,femenino,1913,1980
4,femenino,1909,1935
3,femenino,1914,1997
4,masculino,1909,1973
3,masculino,1914,2000
4,masculino,1910,1997
3,masculino,1914,1993
4,masculino,1910,1982
3,masculino,1914,1995
4,femenino,1910,1980
3,femenino,1915,2015
4,femenino,1910,2000
3,femenino,1915,1979
4,femenino,1911,2001
3,femenino,1915,1992
3,femenino,1915,2015
4,masculino,1911,1994
3,femenino,1916,2012
4,femenino,1911,1986
3,masculino,1916,1975
4,femenino,1912,1995
3,masculino,1916,2003
4,femenino,1912,1986
3,masculino,1917,1982
4,femenino,1913,1989
3,femenino,1917,2006
4,femenino,1913,2008
3,femenino,1917,2011
4,femenino,1913,2002
3,femenino,1917,1984
4,masculino,1913,2005
3,femenino,1918,2013
4,femenino,1914,2003
3,femenino,1918,2008
4,femenino,1914,1984
3,masculino,1918,1977
4,masculino,1914,2002
3,femenino,1919,1951
3,masculino,1919,1996
4,femenino,1914,1991
3,masculino,1919,1998
4,femenino,1914,1996
3,femenino,1919,1997
4,femenino,1915,1991
3,femenino,1920,2002
4,masculino,1915,2006
3,masculino,1920,2008
4,femenino,1915,1992
3,masculino,1921,2023
4,masculino,1916,2004
3,masculino,1921,1966
4,femenino,1916,2011
3,masculino,1921,2004
4,masculino,1916,1984
3,femenino,1922,1963
4,femenino,1916,1964
3,femenino,1922,2008
4,femenino,1916,1981
3,femenino,1922,2013
3,femenino,1923,2013
4,femenino,1916,1998
3,femenino,1923,2002
4,masculino,1917,2012
3,masculino,1923,2002
4,masculino,1917,2006
3,masculino,1923,2019
4,femenino,1917,2005
3,masculino,1923,2004
4,femenino,1918,1965
3,femenino,1923,2018
4,femenino,1918,2014
3,femenino,1924,1969
4,masculino,1919,1989
3,masculino,1924,1963
4,masculino,1919,2005
3,masculino,1924,1992
4,masculino,1919,1996
3,masculino,1924,2011
3,masculino,1924,2010
4,masculino,1920,2012
3,masculino,1924,1993
4,femenino,1920,1986
3,femenino,1925,2004
4,masculino,1920,2007
3,femenino,1925,2013
4,masculino,1920,1948
3,masculino,1925,2006
4,femenino,1920,1974
3,masculino,1926,2013
4,masculino,1920,2008
3,masculino,1926,2018
4,femenino,1920,2006
3,femenino,1926,2014
4,femenino,1921,2019
3,femenino,1927,1991
4,masculino,1921,1999
3,masculino,1927,2010
4,masculino,1921,1950
3,femenino,1927,2014
4,masculino,1921,1995
3,masculino,1927,2011
3,femenino,1928,2001
4,masculino,1921,2013
3,masculino,1928,2017
4,femenino,1921,1999
3,femenino,1928,2002
4,masculino,1922,2007
3,masculino,1929,2021
4,masculino,1922,2002
3,femenino,1929,2013
4,femenino,1923,1998
3,femenino,1930,2023
4,femenino,1923,2019
3,masculino,1930,2011
4,femenino,1924,2002
3,masculino,1930,2013
4,femenino,1924,2008
3,femenino,1930,2018
4,femenino,1924,2013
3,femenino,1931,2018
3,masculino,1931,2012
4,femenino,1924,2010
3,masculino,1931,1996
4,femenino,1925,1989
3,masculino,1931,1999
4,femenino,1925,1995
3,masculino,1932,2018
4,masculino,1925,1991
3,masculino,1932,1984
4,femenino,1926,2020
3,femenino,1932,2003
4,femenino,1926,2022
3,masculino,1932,1971
4,femenino,1926,2011
3,femenino,1932,2006
4,masculino,1927,1991
3,femenino,1932,2017
4,femenino,1927,2020
3,femenino,1932,1996
4,masculino,1927,2011
3,masculino,1932,2005
3,masculino,1933,2014
4,femenino,1928,1980
3,masculino,1933,1962
4,masculino,1928,2003
3,femenino,1933,2014
4,femenino,1928,2019
3,femenino,1933,2023
4,masculino,1928,2019
3,masculino,1933,1991
4,femenino,1928,2014
3,femenino,1934,1968
4,femenino,1928,2012
3,masculino,1934,2009
4,masculino,1928,2019
3,femenino,1934,2016
4,femenino,1929,2018
3,femenino,1934,2023
4,femenino,1929,2018
3,femenino,1935,2005
4,masculino,1929,1983
3,femenino,1935,2019
3,masculino,1935,2012
4,femenino,1930,2002
3,femenino,1935,2016
4,masculino,1930,2020
3,masculino,1935,2013
4,masculino,1930,2007
3,masculino,1936,1995
4,femenino,1930,2019
3,masculino,1936,2020
4,femenino,1930,1994
3,masculino,1937,2020
4,masculino,1931,1995
3,femenino,1937,1984
4,femenino,1931,2015
3,femenino,1937,2010
4,femenino,1932,2019
3,femenino,1939,2018
4,femenino,1932,2018
3,masculino,1939,2018
4,masculino,1933,2020
3,masculino,1939,2001
4,masculino,1933,2008
3,masculino,1940,2004
3,masculino,1940,2008
4,femenino,1933,2008
3,masculino,1940,2025
4,masculino,1933,2013
3,masculino,1941,2015
4,masculino,1933,2021
3,femenino,1941,2009
4,femenino,1934,2006
3,femenino,1942,1992
4,masculino,1934,1941
3,masculino,1943,2025
4,femenino,1934,2004
3,femenino,1943,2021
4,femenino,1935,2013
3,femenino,1943,2021
4,masculino,1935,1991
3,masculino,1944,2013
4,masculino,1935,2019
3,femenino,1945,2005
3,masculino,1945,2024
4,masculino,1935,2019
3,femenino,1946,2023
4,masculino,1935,1974
3,masculino,1946,2024
4,femenino,1936,1996
3,masculino,1947,2026
4,femenino,1936,1988
3,masculino,1947,1998
4,masculino,1937,2025
3,masculino,1948,2025
4,femenino,1937,2025
3,femenino,1948,2018
4,femenino,1937,2025
3,masculino,1949,2018
4,femenino,1937,2019
3,femenino,1949,2018
3,femenino,1950,2007
4,masculino,1937,2019
3,masculino,1950,2026
4,masculino,1937,2020
3,femenino,1950,1957
4,femenino,1937,2001
3,masculino,1950,2024
4,femenino,1939,2018
3,masculino,1950,2000
4,femenino,1939,2016
3,masculino,1951,2001
4,masculino,1939,2023
3,masculino,1952,2000
4,masculino,1940,2026
3,femenino,1952,2024
4,masculino,1941,2019
3,masculino,1952,2024
4,femenino,1941,1996
3,femenino,1953,2024
4,masculino,1943,2002
4,masculino,1943,2022
4,masculino,1943,2004
3,masculino,1954,2006
3,femenino,1954,1955
3,femenino,1955,2013
3,femenino,1955,1956
3,femenino,1957,2023
2,masculino,1862,1946
2,masculino,1864,1958
2,femenino,1868,1923
2,masculino,1869,1920
2,femenino,1871,1938
2,femenino,1871,1950
2,masculino,1873,1950
2,femenino,1873,1938
2,femenino,1874,1948
2,femenino,1874,1953
2,femenino,1877,1938
2,masculino,1878,1919
2,femenino,1878,1959
2,masculino,1879,1941
2,masculino,1880,1924
2,masculino,1881,1961
2,masculino,1882,1966
2,femenino,1883,1949
2,femenino,1883,1963
2,masculino,1883,1977
2,femenino,1886,1990
2,masculino,1886,1910
2,masculino,1889,1956
2,masculino,1889,1967
2,masculino,1891,1966
2,masculino,1891,1952
2,femenino,1892,1953
2,femenino,1892,1950
2,femenino,1894,1974
2,femenino,1894,1975
2,femenino,1894,1989
2,masculino,1895,1896
2,masculino,1895,1979
2,femenino,1897,1995
2,masculino,1898,1899
2,femenino,1899,2002
2,masculino,1899,1964
2,masculino,1900,1900
2,masculino,1900,2006
2,femenino,1901,2001
2,femenino,1901,1983
2,femenino,1901,1999
2,femenino,1904,1975
2,femenino,1904,1949
2,femenino,1905,1971
2,femenino,1905,1970
2,femenino,1905,2004
2,femenino,1905,1991
2,femenino,1906,1926
2,femenino,1906,1979
2,femenino,1907,2002
2,masculino,1907,1946
2,masculino,1907,1984
2,femenino,1908,1996
2,masculino,1908,1981
2,femenino,1908,1950
2,femenino,1908,1989
2,masculino,1908,2007
2,masculino,1909,1990
2,femenino,1909,1974
2,masculino,1909,1988
2,masculino,1909,1953
2,femenino,1909,1990
2,femenino,1910,2010
4,masculino,1944,1997
4,masculino,1944,2019
4,masculino,1944,1966
4,femenino,1944,2019
2,masculino,1910,1984
2,femenino,1910,1948
2,femenino,1911,1997
2,masculino,1911,2000
2,masculino,1911,1998
2,femenino,1911,1974
2,masculino,1912,1974
2,femenino,1912,1952
2,masculino,1913,1998
2,femenino,1913,1992
2,femenino,1914,1966
2,femenino,1914,2000
2,masculino,1914,1992
2,masculino,1914,1994
2,femenino,1914,2003
2,femenino,1914,1999
2,masculino,1915,2005
2,femenino,1915,2000
2,masculino,1915,2003
2,masculino,1915,1981
2,femenino,1915,1996
2,femenino,1916,1987
2,femenino,1916,1999
2,femenino,1916,2013
2,masculino,1916,2003
2,femenino,1916,1924
2,femenino,1916,2001
2,masculino,1917,1979
2,femenino,1917,2015
2,masculino,1917,2004
2,femenino,1918,1919
2,masculino,1918,2005
2,masculino,1918,2005
2,masculino,1918,1950
2,femenino,1918,2015
2,femenino,1918,1991
2,femenino,1919,2018
2,masculino,1919,1991
2,masculino,1919,2010
2,femenino,1919,2019
2,femenino,1919,2002
2,femenino,1920,2014
2,femenino,1920,2012
2,femenino,1920,2017
2,masculino,1920,1994
2,masculino,1921,1995
2,femenino,1921,1995
2,femenino,1921,2002
2,femenino,1921,2008
3,masculino,1958,2026
3,femenino,1958,2003
3,masculino,1959,2019
2,femenino,1921,1997
2,femenino,1922,2005
2,femenino,1923,2017
2,femenino,1923,2013
2,femenino,1923,2000
2,masculino,1923,1994
2,masculino,1923,2019
2,masculino,1924,2000
2,masculino,1924,2014
2,femenino,1924,2005
2,masculino,1925,2015
4,masculino,1944,1987
4,masculino,1946,2021
4,masculino,1946,1988
4,femenino,1947,1958
5,masculino,1818,1892
5,masculino,1827,1889
5,femenino,1828,1885
5,masculino,1835,1883
5,masculino,1840,1919
5,masculino,1842,1909
5,femenino,1843,1903
5,masculino,1843,1913
5,femenino,1844,1918
5,masculino,1849,1903
5,femenino,1850,1918
5,masculino,1852,1922
5,femenino,1852,1928
5,masculino,1853,1934
5,masculino,1858,1936
5,masculino,1859,1946
5,masculino,1859,1919
5,masculino,1859,1925
5,femenino,1860,1899
5,femenino,1860,1939
5,masculino,1861,1924
5,femenino,1862,1943
5,femenino,1862,1952
5,femenino,1864,1934
5,masculino,1866,1909
5,femenino,1866,1948
5,masculino,1866,1934
5,femenino,1867,1894
5,masculino,1867,1917
5,masculino,1869,1936
5,masculino,1872,1926
5,femenino,1872,1962
5,femenino,1872,1961
5,masculino,1875,1971
5,masculino,1876,1944
5,masculino,1877,1954
5,masculino,1878,1966
5,femenino,1879,1962
5,masculino,1879,1953
5,femenino,1879,1894
5,femenino,1880,1976
5,masculino,1881,1941
5,femenino,1881,1936
5,femenino,1882,1883
5,femenino,1882,1971
5,masculino,1883,1912
5,femenino,1883,1961
5,masculino,1884,1972
5,masculino,1884,1980
5,masculino,1885,1955
5,femenino,1885,1956
5,masculino,1886,1945
5,masculino,1888,1962
5,masculino,1888,1952
5,masculino,1889,1979
5,masculino,1889,1952
5,femenino,1890,1984
5,masculino,1890,1968
5,femenino,1890,1973
5,masculino,1890,1986
5,femenino,1890,1927
5,masculino,1890,1965
5,femenino,1891,1978
5,femenino,1891,1920
5,masculino,1891,1955
5,masculino,1891,1954
5,femenino,1892,1960
5,masculino,1892,1983
5,masculino,1892,1966
5,masculino,1892,1970
5,femenino,1892,1992
5,femenino,1892,1988
5,femenino,1893,1952
5,masculino,1894,1938
5,masculino,1894,1980
5,femenino,1894,1990
5,femenino,1894,1952
5,masculino,1894,1972
5,femenino,1895,1988
5,femenino,1895,1977
5,femenino,1895,1959
5,femenino,1895,1977
5,masculino,1895,1969
5,masculino,1896,1959
5,femenino,1896,1998
5,femenino,1897,1976
5,femenino,1897,1986
5,masculino,1897,1996
5,masculino,1898,1993
5,femenino,1898,1974
5,masculino,1899,1963
5,masculino,1900,1920
5,masculino,1900,1986
5,femenino,1900,1973
5,femenino,1901,1984
5,masculino,1902,1942
5,masculino,1902,1969
5,masculino,1902,1971
5,femenino,1903,1989
5,masculino,1904,1984
5,femenino,1904,1934
5,femenino,1904,1986
5,masculino,1904,1988
5,masculino,1905,1925
5,masculino,1905,1982
5,femenino,1905,1993
5,masculino,1905,1998
5,masculino,1905,1935
5,femenino,1906,1997
5,masculino,1906,1990
5,femenino,1906,2002
5,femenino,1906,2001
5,femenino,1907,1996
5,masculino,1907,1976
5,femenino,1908,1922
5,femenino,1908,1972
5,masculino,1908,1999
5,femenino,1908,2001
5,femenino,1909,1997
5,masculino,1909,1998
5,masculino,1909,1964
4,masculino,1947,2004
4,femenino,1948,2019
4,femenino,1948,2024
4,masculino,1948,2016
4,femenino,1948,1982
5,femenino,1910,1983
5,masculino,1910,1994
5,femenino,1910,1976
5,femenino,1910,1992
5,femenino,1910,1971
5,femenino,1911,1994
5,masculino,1911,1987
5,femenino,1911,1998
5,femenino,1911,1986
5,femenino,1912,2004
5,masculino,1912,1980
5,masculino,1912,1985
5,masculino,1913,1988
5,femenino,1913,2001
5,femenino,1913,2000
5,femenino,1913,1999
5,femenino,1913,1997
5,femenino,1913,2001
5,femenino,1914,1975
5,masculino,1914,1989
5,femenino,1914,1991
5,masculino,1914,1960
5,femenino,1914,1996
5,femenino,1914,2000
5,masculino,1915,2005
5,masculino,1915,1992
5,masculino,1915,1988
5,masculino,1915,1985
5,masculino,1915,1991
5,femenino,1915,1998
5,masculino,1915,1994
5,masculino,1916,2000
5,femenino,1916,1998
5,femenino,1916,2019
2,femenino,1925,2009
5,femenino,1917,1981
2,femenino,1925,2011
5,masculino,1917,2005
2,femenino,1925,2011
5,femenino,1917,2001
2,femenino,1925,2010
5,masculino,1917,2000
5,masculino,1917,1985
2,masculino,1925,2021
5,masculino,1918,1993
2,masculino,1926,2022
5,femenino,1918,2007
2,masculino,1926,1987
5,masculino,1919,1993
2,femenino,1926,1991
5,femenino,1919,2021
2,femenino,1926,2017
2,femenino,1926,2003
2,femenino,1926,1987
2,femenino,1926,2012
2,femenino,1926,1976
2,masculino,1926,1997
2,masculino,1927,2008
2,masculino,1927,2001
2,masculino,1927,2020
2,masculino,1927,1990
2,femenino,1927,2014
2,femenino,1927,2003
2,masculino,1927,2005
2,femenino,1928,2017
2,femenino,1928,2003
2,masculino,1928,1999
2,femenino,1928,2024
2,masculino,1928,1999
2,masculino,1928,1994
2,masculino,1929,2017
2,masculino,1929,2009
2,femenino,1929,2021
2,masculino,1929,1986
2,femenino,1929,2018
2,masculino,1929,1952
2,femenino,1929,2010
2,femenino,1930,2023
2,femenino,1931,1983
2,masculino,1932,1993
2,masculino,1932,2011
2,masculino,1932,2010
2,masculino,1932,1952
2,masculino,1933,1990
2,femenino,1933,2016
2,femenino,1933,2014
2,masculino,1933,2015
2,masculino,1933,2000
2,masculino,1933,2014
2,femenino,1933,2020
2,masculino,1934,2005
2,femenino,1935,2004
2,masculino,1935,1994
2,femenino,1936,2020
2,femenino,1936,2018
2,masculino,1936,2024
2,masculino,1936,2023
2,femenino,1937,2017
2,femenino,1937,2020
2,femenino,1937,2020
2,masculino,1937,2005
2,masculino,1938,2021
2,masculino,1938,2022
2,masculino,1938,2000
2,femenino,1938,1974
2,masculino,1938,1988
2,femenino,1938,2003
2,femenino,1938,2003
2,femenino,1939,2012
2,femenino,1939,2023
2,femenino,1939,2024
2,femenino,1939,2012
2,masculino,1939,2018
2,femenino,1939,2014
2,masculino,1940,2008
2,masculino,1940,2022
2,femenino,1940,2014
2,masculino,1941,2002
2,femenino,1941,2020
2,masculino,1942,2008
2,masculino,1942,2022
2,masculino,1942,1975
2,masculino,1942,2014
2,femenino,1943,2023
2,masculino,1944,1998
2,femenino,1944,2022
2,masculino,1944,2022
2,masculino,1944,1983
2,masculino,1945,2011
2,masculino,1945,1997
2,femenino,1945,1999
2,femenino,1945,2021
2,masculino,1945,2022
2,femenino,1945,2019
2,masculino,1947,1972
2,masculino,1947,2021
2,femenino,1947,2021
2,femenino,1947,1978
2,femenino,1947,1987
2,femenino,1948,2013
2,femenino,1948,2011
2,femenino,1949,2008
2,femenino,1949,2014
2,femenino,1949,2022
2,femenino,1950,2021
2,femenino,1950,2014
2,femenino,1951,2003
2,femenino,1951,2014
2,masculino,1951,1969
2,femenino,1951,2000
2,masculino,1952,2002
2,masculino,1952,2015
2,masculino,1952,2021
2,masculino,1952,1975
2,femenino,1953,2021
2,masculino,1953,2023
2,masculino,1953,1991
2,masculino,1953,2015
2,masculino,1953,2022
2,femenino,1953,2007
2,masculino,1954,2014
2,masculino,1955,2016
2,masculino,1955,2006
2,femenino,1955,2010
2,masculino,1955,2013
2,femenino,1956,2024
2,femenino,1957,2021
2,masculino,1957,2016
2,masculino,1957,1981
2,masculino,1958,2010
2,femenino,1958,2022
2,femenino,1958,2022
2,femenino,1958,1982
2,masculino,1959,2015
2,femenino,1959,1976
2,masculino,1960,2006
2,masculino,1960,2023
2,femenino,1960,2006
2,masculino,1960,2019
2,femenino,1961,1961
2,masculino,1961,2014
2,masculino,1961,2004
2,femenino,1961,2024
2,masculino,1962,1996
2,masculino,1962,1979
2,masculino,1962,2023
4,masculino,1949,2005
4,femenino,1950,2018
4,masculino,1950,2023
4,masculino,1950,1956
5,femenino,1919,2007
5,masculino,1919,2000
5,femenino,1919,2017
5,femenino,1920,1999
5,femenino,1920,1992
5,femenino,1920,2021
5,femenino,1920,1995
5,masculino,1921,2001
5,femenino,1921,1976
5,femenino,1922,2020
5,femenino,1922,2007
5,masculino,1922,1924
5,femenino,1922,2003
5,masculino,1922,2007
5,femenino,1922,1999
5,masculino,1922,2006
5,masculino,1922,2001
5,femenino,1923,2003
5,femenino,1924,1996
5,masculino,1924,2004
5,masculino,1924,1983
5,masculino,1925,2002
5,masculino,1925,2017
5,masculino,1925,2020
5,femenino,1925,2022
5,masculino,1925,1955
5,femenino,1925,2006
5,femenino,1925,2015
5,masculino,1926,2014
5,masculino,1926,1955
5,femenino,1926,1999
5,femenino,1927,2008
5,masculino,1927,1931
5,femenino,1927,2008
5,masculino,1928,2019
5,femenino,1928,2007
5,femenino,1928,2010
5,femenino,1928,2019
5,masculino,1929,2006
5,femenino,1930,2004
5,masculino,1932,1993
5,masculino,1932,2010
5,femenino,1932,2013
5,femenino,1933,2009
5,masculino,1933,1986
5,femenino,1934,2020
5,femenino,1934,2019
5,masculino,1935,1995
5,masculino,1935,1999
5,femenino,1935,2018
5,femenino,1935,2016
5,masculino,1935,1994
5,femenino,1936,2002
5,femenino,1936,2022
5,masculino,1937,2008
5,femenino,1938,2026
5,femenino,1938,2014
5,femenino,1938,2018
5,femenino,1938,2018
5,masculino,1938,1976
5,femenino,1940,1980
5,masculino,1940,1999
5,masculino,1940,1994
5,masculino,1941,2012
5,femenino,1941,2011
5,masculino,1941,2017
5,masculino,1941,2011
5,masculino,1942,2003
5,masculino,1942,2007
5,masculino,1943,2021
5,masculino,1944,1954
5,femenino,1945,2026
5,femenino,1946,2010
5,masculino,1946,1977
5,masculino,1946,2005
5,masculino,1947,2011
5,masculino,1947,2008
5,masculino,1948,2014
5,femenino,1948,2000
5,masculino,1948,1974
5,femenino,1948,2021
5,masculino,1949,1969
5,masculino,1949,2023
5,femenino,1950,2026
5,masculino,1950,2021
5,masculino,1950,2017
5,masculino,1950,2007
1,masculino,1835,1910
1,femenino,1840,1933
1,femenino,1855,1924
1,masculino,1859,1927
1,femenino,1859,1939
1,femenino,1861,1917
1,femenino,1862,1951
1,masculino,1862,1952
1,masculino,1863,1935
1,femenino,1867,1945
1,femenino,1870,1946
1,femenino,1873,1959
1,femenino,1873,1945
1,masculino,1874,1958
1,femenino,1874,1936
1,masculino,1877,1953
1,masculino,1878,1963
1,masculino,1881,1938
1,femenino,1981,1993
1,femenino,1883,1956
1,femenino,1884,1973
1,femenino,1884,1954
1,masculino,1884,1961
1,femenino,1886,1978
1,femenino,1886,1972
1,masculino,1886,1972
1,masculino,1887,1950
1,femenino,1887,1952
1,masculino,1888,1945
1,masculino,1888,1959
1,masculino,1889,1953
1,femenino,1890,1971
1,masculino,1890,1946
1,femenino,1891,1979
1,femenino,1892,1974
1,femenino,1893,1968
1,masculino,1894,1966
1,femenino,1894,1979
1,masculino,1895,1977
1,masculino,1895,1967
1,masculino,1896,1926
1,masculino,1896,1962
1,femenino,1897,1976
1,femenino,1897,1973
1,femenino,1898,1993
1,femenino,1899,1936
1,femenino,1900,1960
1,masculino,1901,1979
1,femenino,1901,1972
1,femenino,1902,1973
1,femenino,1902,1979
1,masculino,1903,1937
1,femenino,1904,1909
1,masculino,1904,1986
1,femenino,1905,2006
1,femenino,1905,1991
1,masculino,1905,1984
1,femenino,1906,1938
1,femenino,1906,1983
1,masculino,1906,1964
1,femenino,1907,2003
1,femenino,1909,1998
1,masculino,1909,1990
1,femenino,1910,1989
1,masculino,1910,1994
1,femenino,1910,1992
1,femenino,1910,2006
1,femenino,1910,1973
1,femenino,1911,2000
1,masculino,1912,2000
1,femenino,1912,1974
1,femenino,1912,1941
1,femenino,1913,1997
1,masculino,1913,1964
1,femenino,1913,1960
1,femenino,1913,1997
1,femenino,1914,1955
1,masculino,1914,1969
1,masculino,1914,2000
1,masculino,1914,1980
1,femenino,1914,2005
1,femenino,1914,2004
1,femenino,1914,1996
1,femenino,1915,1999
1,femenino,1915,2011
1,femenino,1915,2004
1,femenino,1916,2005
1,masculino,1916,1988
1,femenino,1916,1995
1,masculino,1916,1979
1,masculino,1916,1963
1,femenino,1917,1991
1,masculino,1917,2000
1,femenino,1918,1963
1,masculino,1918,1987
1,femenino,1919,2014
1,masculino,1920,2006
1,masculino,1920,2005
1,masculino,1920,2004
1,femenino,1920,1983
1,femenino,1920,2009
1,masculino,1921,1990
1,femenino,1921,1958
1,femenino,1921,1970
1,femenino,1921,2011
1,masculino,1922,2000
1,femenino,1922,2015
1,femenino,1923,2002
1,masculino,1924,2009
1,masculino,1924,2009
1,masculino,1924,1987
1,femenino,1924,1985
1,masculino,1924,2021
1,femenino,1925,2006
1,femenino,1925,2002
1,femenino,1925,2001
1,femenino,1925,2013
1,femenino,1925,2010
1,masculino,1926,2018
1,masculino,1926,2004
1,femenino,1926,2014
1,masculino,1927,2009
1,masculino,1927,2002
1,masculino,1927,2006
1,femenino,1928,2017
1,femenino,1928,2020
1,femenino,1928,1968
4,masculino,1951,1989
1,femenino,1929,2024
1,masculino,1929,1958
1,femenino,1930,2019
1,masculino,1930,2021
1,femenino,1930,1990
1,masculino,1930,2015
1,femenino,1930,1982
1,femenino,1931,1997
1,masculino,1931,2001
1,masculino,1931,2014
1,femenino,1931,2018
1,femenino,1931,2019
5,masculino,1950,1957
1,femenino,1932,2002
5,femenino,1950,1977
5,femenino,1953,2016
1,masculino,1932,2002
1,femenino,1932,2015
1,masculino,1932,2015
1,femenino,1932,2021
1,femenino,1933,2014
1,femenino,1934,2023
1,masculino,1934,2000
1,femenino,1934,2019
1,masculino,1934,1977
1,masculino,1934,2017
1,femenino,1934,2006
1,femenino,1934,1975
1,masculino,1934,1995
1,femenino,1935,2005
1,femenino,1935,2015
1,femenino,1936,2011
2,masculino,1963,2006
1,femenino,1936,2017
2,masculino,1963,1988
1,masculino,1936,2010
2,masculino,1964,2006
1,masculino,1937,1963
2,masculino,1964,2018
2,femenino,1965,2016
1,masculino,1937,2014
1,masculino,1937,1985
1,masculino,1938,1994
1,masculino,1938,2008
1,masculino,1939,2017
1,femenino,1940,2014
1,femenino,1941,2026
1,femenino,1941,2000
1,masculino,1941,2018
1,femenino,1941,2012
1,masculino,1941,2005
1,masculino,1942,1991
1,femenino,1942,2003
1,masculino,1942,2015
1,masculino,1942,2025
1,masculino,1942,2000
1,masculino,1943,2001
1,masculino,1943,2050
1,masculino,1943,2021
1,masculino,1944,1996
3,femenino,1960,2006
5,masculino,1954,1976
1,masculino,1944,2006
5,masculino,1954,2000
1,femenino,1944,2021
5,femenino,1955,1955
1,masculino,1945,2015
5,femenino,1957,2014
1,masculino,1946,2008
5,masculino,1958,2022
5,femenino,1959,1969
1,femenino,1946,2022
5,masculino,1960,1983
1,masculino,1946,2014
2,masculino,1965,1979
5,masculino,1961,2011
1,masculino,1946,2024
5,femenino,1961,2020
1,femenino,1946,2002
5,femenino,1963,2014
1,masculino,1946,2026
1,masculino,1947,1995
5,masculino,1965,1992
2,masculino,1965,2018
1,masculino,1947,2024
5,masculino,1965,2011
1,masculino,1947,2018
5,masculino,1966,2007
1,masculino,1947,2014
5,femenino,1969,1972
1,femenino,1948,2021
5,masculino,1969,2023
1,masculino,1948,2015
5,masculino,1969,1969
1,masculino,1948,2021
5,masculino,1974,2016
2,masculino,1967,2020
4,masculino,1951,2003
1,femenino,1948,2020
5,masculino,1976,2019
2,masculino,1968,2000
4,masculino,1951,1952
1,masculino,1949,2016
5,masculino,1978,2011
2,femenino,1969,2022
4,femenino,1952,2023
1,femenino,1950,2019
5,masculino,1981,2002
2,masculino,1969,2018
4,masculino,1954,2011
1,masculino,1950,1991
5,femenino,1895,1962
2,masculino,1970,2021
4,femenino,1954,2002
1,femenino,1951,2013
2,femenino,1971,2022
4,femenino,1954,2014
1,masculino,1951,1985
2,masculino,1973,2006
1,masculino,1951,2021
2,masculino,1974,2010
1,femenino,1952,2023
2,masculino,1975,2016
1,masculino,1952,2009
2,masculino,1975,1975
1,masculino,1952,1996
2,masculino,1976,2008
1,femenino,1952,2024
2,femenino,1977,2018
1,masculino,1953,2001
2,masculino,1977,2022
1,femenino,1953,2001
2,femenino,1979,2001
1,femenino,1953,2025
2,femenino,1979,2023
1,masculino,1953,2022
2,masculino,1980,2006
1,masculino,1954,2002
2,masculino,1981,2015
1,femenino,1955,2018
2,masculino,1981,2003
1,masculino,1955,2015
2,masculino,1983,2022
1,femenino,1955,2016
2,masculino,1983,2025
1,femenino,1955,2016
2,masculino,1984,2011
3,masculino,1961,2024
1,masculino,1956,2008
3,masculino,1962,1962
1,femenino,1957,2001
3,femenino,1962,2011
1,masculino,1958,2021
3,masculino,1962,1985
1,femenino,1960,2020
3,masculino,1964,2019
3,masculino,1965,2006
3,masculino,1965,2013
2,masculino,1986,2022
2,masculino,1986,2021
2,femenino,1988,2022
3,masculino,1966,2012
2,masculino,1991,1991
3,masculino,1967,1981
1,masculino,1961,2005
2,femenino,1991,1993
3,masculino,1968,2015
1,masculino,1962,2008
4,femenino,1955,2021
3,masculino,1969,2012
2,masculino,1991,2005
4,masculino,1955,1972
3,femenino,1972,1996
2,masculino,1993,2015
1,masculino,1963,2013
4,femenino,1955,2006
3,masculino,1973,2000
1,masculino,1963,2021
4,masculino,1956,1965
2,masculino,1995,2023
3,femenino,1974,1974
1,masculino,1964,2004
4,masculino,1956,1973
3,masculino,1974,1977
2,femenino,1999,2018
1,masculino,1964,2004
4,femenino,1956,2019
3,masculino,1975,1993
3,masculino,1976,2019
2,masculino,2001,2003
1,femenino,1964,1995
4,masculino,1956,2019
3,masculino,1978,2006
3,masculino,1978,2016
2,masculino,2009,2014
1,masculino,1965,2012
4,masculino,1956,1986
3,masculino,1979,2015
3,masculino,1979,2004
2,masculino,2013,2013
4,masculino,1956,1983
1,femenino,1967,1967
3,masculino,1981,2017
3,femenino,1982,2024
4,masculino,1956,2022
2,masculino,2013,2013
4,femenino,1957,2020
1,femenino,1968,1986
3,masculino,1982,2006
3,femenino,1985,2019
4,masculino,1957,2020
4,femenino,1959,2019
1,femenino,1973,2015
3,masculino,1987,2022
3,masculino,1989,1989
4,masculino,1959,2020
4,masculino,1959,2011
1,masculino,1973,2006
1,femenino,1974,1975
3,femenino,1990,2004
3,masculino,1991,1996
4,masculino,1959,1969
4,femenino,1959,1996
1,masculino,1978,2016
1,masculino,1979,1992
3,masculino,1996,2015
4,masculino,1960,1978
3,femenino,1998,1999
4,masculino,1960,1995
1,femenino,1984,2021
1,femenino,1986,2013
4,femenino,1961,2019
3,femenino,1999,2021
3,masculino,2001,2001
4,masculino,1962,1973
1,femenino,1986,2010
1,femenino,1988,2015
4,femenino,1963,2020
3,masculino,2010,2011
4,masculino,1963,1991
2,femenino,2015,2018
4,masculino,1964,2018
1,masculino,1991,2015
1,masculino,1992,2016
3,masculino,2012,2012
4,masculino,1964,1964
2,masculino,2022,2023
4,femenino,1965,2014
1,masculino,2006,2006
1,masculino,2006,2006
3,masculino,2014,2014
4,femenino,1966,2020
2,masculino,1862,1957
1,masculino,2008,2008
1,femenino,2011,2014
2,femenino,1905,1990
1,masculino,2012,2013
4,femenino,1966,2015
4,femenino,1968,1981
4,masculino,1968,2006
4,masculino,1970,1970
4,masculino,1971,2019
4,masculino,1972,2014
4,femenino,1972,2005
4,masculino,1977,1978
4,masculino,1977,1978
4,femenino,1977,2026
4,masculino,1978,1979
4,femenino,1978,1978
4,masculino,1978,1978
4,femenino,1980,2020
4,femenino,1980,2013
4,masculino,1881,1940
4,masculino,1981,2019
4,masculino,1981,1981
4,masculino,1982,2016
4,femenino,1983,2009
4,femenino,1983,2019
4,masculino,1983,2019
4,femenino,1988,2002
4,masculino,1992,2020
4,masculino,1992,2014
4,masculino,1994,2023
4,masculino,1994,2016
4,femenino,1996,1996
4,masculino,2000,2020
4,masculino,2001,2020
4,masculino,2011,2013
4,femenino,2019,2019
